,$\mu_f$ (MHz),upper error$\mu_f$ (MHz),lower error$\mu_f$ (MHz),$\sigma_f$ (MHz),upper error$\sigma_f$ (MHz),lower error$\sigma_f$ (MHz),$S$ (Jy ms),upper error$S$ (Jy ms),lower error$S$ (Jy ms),$\mu_t$ (ms),upper error$\mu_t$ (ms),lower error$\mu_t$ (ms),$\sigma_t$ (ms),upper error$\sigma_t$ (ms),lower error$\sigma_t$ (ms),$\tau$ (ms),upper error$\tau$ (ms),lower error$\tau$ (ms),DM (pc cm$^{-3}$),upper errorDM (pc cm$^{-3}$),lower errorDM (pc cm$^{-3}$),cand_id,comp_num,fit_method,use_fluence,bidx
0,1558.745535219265,33.99751347169126,33.99751347169149,212.38015031564717,44.92739967391475,44.92739967391475,0.08944120653141012,0.016638366299346424,0.016638366299346424,57644.40890697631,1.418811734765768e-09,1.418811734765768e-09,0.0012306596551215257,0.0157149036868471,0.0157149036868471,1.9474482727541784,0.33732633016638225,0.337326330166382,565.3361498242407,0.4118707088596239,0.4118707088596239,cand_tstart_57644.407719907409_tcand_61.2631000_dm_565.30000_snr_8.12529,1,curvefit,False,B1
1,1201.746908508345,9.566595618163774,9.566595618163547,50.113890159211365,9.582602184054233,9.582602184054233,0.043276395555660006,0.007203004325124426,0.0072030043251244185,57644.40956768005,1.4122633729130033e-08,1.4115357771515846e-08,1.3526053714936448,0.04683643479454114,0.04683643479454114,,,,562.4047515499676,0.7891609140896207,0.7891609140896207,cand_tstart_57644.407719907409_tcand_118.3400000_dm_562.05600_snr_6.36612,1,curvefit,False,B2
2,2944.1732461189263,317.433578991579,586.403149593461,751.0699691220642,291.26341648026425,192.03125473624308,0.5700427949105372,0.7467813681170586,0.29192108846977977,57644.40967369872,3.885361365973949e-09,2.830347511917353e-09,0.3693948809631045,0.2490798896588558,0.2281785135062193,1.3142031584784228,0.6532797789414637,0.6797967621688608,566.8089640202802,0.7847367980366471,0.8769143242174096,cand_tstart_57644.407719907409_tcand_127.5000000_dm_568.56200_snr_8.73822,2,mcmc,False,B3.1
3,1146.7483851537313,336.63060509553134,1402.430510595545,1268.1975499986142,1953.4347452478326,1118.0969496496136,0.08679499377835162,0.13200568347213076,0.04372673474851431,57644.40967384234,2.61206878349185e-09,3.5564880818128586e-08,0.31525514978810826,1.403976713202994,0.17235458974976944,0.3123794517600044,0.7226237996614698,0.13792490537828694,564.6746806810999,1.4603244721214423,0.4092879103316136,cand_tstart_57644.407719907409_tcand_127.5000000_dm_568.56200_snr_8.73822,1,mcmc,False,B3.2
4,3074.866031081469,223.53244306512715,555.8694910674876,549.8183534953722,83.0330788829375,111.12429253369561,2.106577855695768,3.684531863240244,1.606048998240006,57644.410072889485,3.601599019020796e-09,4.030880518257618e-09,1.0661255454844156,0.19817326457521967,0.18371008985080614,0.3066132482116969,0.16908991986344696,0.10735903250177006,563.8783665709782,1.0177205595839496,1.1458422635342913,cand_tstart_57644.407719907409_tcand_161.9850000_dm_565.30000_snr_6.50775,1,mcmc,False,B4
5,2100.643913474978,938.0479899484272,1617.7868877633814,2703.6875406138925,929.4416724543588,1238.095536143779,0.1919844605775018,0.048706437039483824,0.04385033520412923,57644.41015783436,4.198227543383837e-09,4.241883289068937e-09,0.6618786358307975,0.30606546706536,0.2605479529399862,1.0174665664055504,0.4226525176682885,0.33647636539681736,562.0821640675648,0.7254827233525702,0.5641741795233202,cand_tstart_57644.407719907409_tcand_169.3260000_dm_562.05600_snr_6.82033,1,mcmc,False,B5
6,1393.2697563388494,7.335915055335362,6.580718242207695,182.6945454888768,7.03169543324023,7.3196528198865565,0.4679873401842742,0.02356648724388716,0.02852689974851902,57644.41107195384,1.367880031466484e-09,1.5061232261359692e-09,1.0861884994129167,0.034659374240948004,0.038732582030917014,,,,562.3349563174559,0.2126868395440624,0.10656252214505456,cand_tstart_57644.407719907409_tcand_248.2970000_dm_562.05600_snr_97.12390,2,mcmc,True,B6.1
7,1417.185500629067,3.8843623588256833,4.659306264886936,101.9350796782618,4.761585016520371,4.084079259827945,0.3253581641134366,0.026360720967236132,0.02254385664462505,57644.41107197549,8.731149137020111e-10,9.677023626863956e-10,0.5676295295683854,0.027004890712443497,0.024452148376302385,,,,560.9368423910569,0.15097933100196315,0.10449984462786688,cand_tstart_57644.407719907409_tcand_248.2970000_dm_562.05600_snr_97.12390,1,mcmc,True,B6.2
8,3075.140017895307,205.7216199871177,310.04642616586534,432.3037699971935,64.81559781604722,80.4799426527818,13.452289665530872,16.886531734668033,10.182305189855311,57644.4122402136,5.980837158858776e-09,3.9217411540448666e-09,0.6588915246946754,0.3373955388662878,0.3599354499209201,0.7684581135940636,0.4381023011823262,0.3880072559500827,568.5140001644959,2.8189415123200665,2.8774108240223772,cand_tstart_57644.407719907409_tcand_349.2190000_dm_605.71300_snr_8.36633,1,mcmc,False,B7.1
9,1463.7422476134814,16.58430502854594,19.933326228552914,92.44544876697157,26.420575518513655,16.196889434554876,0.08868768540841443,0.014082447570867587,0.013197519202412385,57644.412240430174,1.6661942936480045e-08,2.4345354177057743e-08,1.9382069251062664,0.8501247691825462,0.9716448311197884,1.217235474323624,0.5574064825661376,0.4917057174531431,568.6207135732068,3.4802666818671923,2.489991228812414,cand_tstart_57644.407719907409_tcand_349.2190000_dm_605.71300_snr_8.36633,2,mcmc,False,B7.2
10,3043.016846999261,246.8529749670315,555.1768128811618,651.6011409419633,126.84165643128107,138.21647082413426,1.09417461963701,1.4981997708090602,0.7061972317367744,57644.41412362847,4.41650627180934e-09,3.798049874603748e-09,1.0020673849807904,0.2568850223524233,0.2624549230128285,0.7886964656297011,0.3574390863731891,0.3279184770426325,567.458068701526,0.9422403009161826,0.7289468814707334,cand_tstart_57644.407719907409_tcand_511.9360000_dm_568.56200_snr_7.65924,1,mcmc,False,B8
11,1428.074624137406,11.302101377292502,11.302101377292725,75.40633389358001,9.214343986702758,9.214343986702774,0.07646083732121464,0.003252601395220697,0.003252601395220697,57644.414471614255,1.908483682200313e-08,1.908483682200313e-08,1.9784650117163811,0.6320594061776215,0.6320594061776215,0.3743857591167285,0.5696998099887972,0.5696998099887973,564.3192504046337,2.1010979758525536,2.1010979758525536,cand_tstart_57644.407719907409_tcand_542.0000000_dm_562.05600_snr_6.35508,1,curvefit,False,B9
12,1625.910301231547,10.973773013410893,11.128422329446266,81.94105178288754,8.484746824167559,7.630736046654349,0.09690349162800513,0.010890513807721852,0.01030681043546017,57644.414475390986,7.814378477633001e-09,7.0285750553011894e-09,1.4417263338032456,0.27980574167688976,0.3051317453130604,0.5179155415999734,0.2898246224500101,0.20474988699433244,562.0702974392259,2.7445585382617987,3.2215102884541693,cand_tstart_57644.407719907409_tcand_542.3240000_dm_565.30000_snr_6.45913,1,mcmc,True,B10
13,1554.2093224574292,10.746642041029643,10.97490058617609,96.10980569634852,12.949013716280534,10.63029658645776,0.07412357028235722,0.00777158500313968,0.007439075731660859,57644.414878803254,4.285539034754038e-09,4.634785000234842e-09,0.8460184491597852,0.1630259600677647,0.16523729765944914,0.2909672848681625,0.1839092257149469,0.1132414822759217,560.3246487611397,0.9282695803090064,0.9499163290054184,cand_tstart_57644.407719907409_tcand_577.1760000_dm_562.05600_snr_8.38639,1,mcmc,True,B11
14,3050.184527193052,211.9497400685064,298.64160331353696,450.4594968723831,63.92921462293003,76.97396495020973,18.396136119923824,16.47411260949443,12.489799384149899,57644.41537808886,9.298673830926418e-09,1.0390067473053932e-08,1.931171114924778,0.4773695390660273,0.5216116852979813,1.503911166626584,1.3012414958334129,0.813174712827267,568.5835060904301,3.498098598589536,4.3536642421821625,cand_tstart_57644.407719907409_tcand_620.3140000_dm_555.62500_snr_6.78833,1,mcmc,True,B12
15,1691.8779119670887,12.67490289746024,9.384031696128202,88.65327194636605,15.908305058139517,11.837435913220858,0.1388226141325128,0.011257729333019606,0.009906198156693136,57644.41631473555,4.503817763179541e-09,4.867615643888712e-09,1.4874082830156532,0.17877617236677626,0.21489859977629244,0.5765201086460601,0.3188848349556691,0.2420189766833351,571.8518472298431,1.4704204075763982,1.3759338500572085,cand_tstart_57644.407719907409_tcand_701.2300000_dm_571.84300_snr_9.70367,1,mcmc,True,B13
16,1264.5934510542509,10.267801584952622,9.95733583177116,67.35532147168496,8.601894296424263,7.840278755441908,0.13482192899092438,0.020071956012185505,0.01883077971815819,57644.418306742235,6.829941412433982e-08,8.276401786133647e-08,2.9517501628642755,1.1496069850488393,1.022370269042356,1.572955659929333,0.5999722427005223,0.5034019401583942,562.0183173406529,5.858996519366088,4.594390451090703,cand_tstart_57644.407719907409_tcand_873.3120000_dm_565.00000_snr_6.00000,1,mcmc,True,B14
17,1545.045683810403,12.185215349991267,12.314913484989804,79.22087584390098,12.86311019641964,10.388882740692567,0.07060404747177562,0.012330540083656458,0.009848847232191024,57644.41830920608,6.701156962662935e-09,8.214556146413088e-09,0.8938520781356184,0.2734982166482133,0.3360123284847957,0.8019766645513055,0.5256459296603825,0.4267653196196404,564.8362056213223,1.7023505994728794,1.4427580898900487,cand_tstart_57644.407719907409_tcand_873.5360000_dm_571.84300_snr_9.83474,2,mcmc,False,B15.1
18,1571.8052675086974,1256.3492049838596,1318.235544048064,2666.550716998081,958.6785092272304,1462.9528328701126,0.12313021168784387,0.03453689089910732,0.04231375096915932,57644.418309272565,2.692104317247868e-09,2.0445440895855427e-09,0.22958995365180884,0.18479692797758968,0.12978459371553275,0.6682370705824141,0.22431535218822465,0.1840283200327565,569.3775808512391,0.3826299136375155,0.5025129365895964,cand_tstart_57644.407719907409_tcand_873.5360000_dm_571.84300_snr_9.83474,1,mcmc,False,B15.2
19,3060.0649136690636,228.02792769687719,594.6435594350255,510.42152316191147,64.13583991828125,111.27666003442629,5.938947156614481,9.144948158955472,4.880618208608633,57644.42050857968,4.096364136785269e-09,4.336470738053322e-09,1.18953631820084,0.2167978760139211,0.2476828296128988,0.5158279508505175,0.287973311454515,0.2212526155926247,570.2907831743678,1.6913477000866806,1.5916585410383275,cand_tstart_57644.407719907409_tcand_1063.5400000_dm_565.30000_snr_9.80000,1,mcmc,False,B16
20,2023.8415009297355,989.492307563038,1662.523225029937,2586.118210966854,1009.910386712672,1374.2500339997825,0.15106097489840545,0.05229029803386173,0.0418813566357078,57644.421105446665,1.1925294529646637e-08,1.2718373909592628e-08,1.5151811687344228,0.5527046574536267,0.5232992158223451,0.7399362719340992,0.9565006978222752,0.35201040939642336,570.1140308341479,1.427338438867764,1.9307613879695964,cand_tstart_57644.407719907409_tcand_1115.1100000_dm_568.56200_snr_7.00356,1,mcmc,True,B17
21,1526.46889339499,25.567393938455325,25.567393938455552,136.07703147483784,27.045034833318084,27.04503483331807,0.04643777912163991,0.00775653330039975,0.007756533300399744,57644.42630386236,4.4819898903369895e-09,4.474713932722807e-09,1.4845166182731038,0.09867640516432384,0.09867640516432384,,,,564.7540330653252,0.7970297309698253,0.7970297309698253,cand_tstart_57644.407719907409_tcand_1564.2000000_dm_568.56200_snr_7.26308,1,curvefit,False,B18
22,1325.0473338567956,25.04630854063998,25.04630854063998,155.3416216041353,23.92999085484789,23.92999085484789,0.10534598622424077,0.017654490037195048,0.017654490037195048,57644.42721003445,1.6829289961606264e-08,1.682201400399208e-08,1.8625378211216783,0.7574584141417521,0.7574584141417515,1.6292685863710772,0.5196828624698973,0.5196828624698973,563.6190892301357,1.4384768513680228,1.4384768513680228,cand_tstart_57644.407719907409_tcand_1642.5000000_dm_558.83100_snr_6.08731,1,curvefit,False,B19
23,2855.6976381148925,389.6675084053186,1029.775052675767,1048.1901289978837,1990.0968838154017,381.87149190656686,0.23345430769130826,0.4737235913123154,0.07916577991538734,57644.42737685918,4.1618477553129204e-09,4.4310581870377055e-09,0.6658756995825129,0.28370102036296085,0.3299060611521802,0.5918138350862252,0.4997237151567031,0.3082833674943191,565.5781804858598,0.7605473092411329,0.5649290575277064,cand_tstart_57644.407719907409_tcand_1656.9000000_dm_565.30000_snr_7.42329,1,mcmc,False,B20
24,3103.820596708164,201.81815287219436,427.179457892405,600.9392646190155,128.39183949102005,107.39281938237156,2.7348571044446817,6.6146269051784365,1.852813225944511,57644.427940355716,1.6261765267699957e-08,1.9201252143830058e-08,4.157687166557282,0.8739810965297075,0.991971627470507,1.82025067123428,1.663654816165576,0.8350018677785779,576.1087439227067,4.475180324813891,5.135311487001104,cand_tstart_57644.407719907409_tcand_1705.5600000_dm_486.74800_snr_6.68708,1,mcmc,False,B21
25,2991.43417862143,289.60149786988995,715.4517118904341,655.3323622728183,124.10171716617174,183.31638701479145,1.3383081566772033,1.723631969707816,0.9362003052129771,57644.4285937839,8.505594450980425e-09,7.770722731947899e-09,1.907938223474728,0.4269817219884211,0.4178502569264353,1.526521668450464,0.6335268864440322,0.6311642048014049,567.6461564215863,2.2545129275408726,2.1498656814547985,cand_tstart_57644.407719907409_tcand_1762.0400000_dm_565.30000_snr_8.49012,1,mcmc,False,B22
26,1698.759487174787,13.664990889222507,9.111176568018434,74.72317597335933,15.406403458383709,9.972976555699331,0.08944298288558795,0.008709995939163606,0.00788508644869157,57644.43017017043,2.240994945168495e-09,2.284650690853596e-09,0.6871179228931117,0.10528447169837384,0.1099719840454435,0.3327826955126716,0.1677627311849057,0.1447882775933985,568.7030386901187,0.9671063816988408,0.9771691895396089,cand_tstart_57644.407719907409_tcand_1898.2200000_dm_565.30000_snr_8.91890,1,mcmc,True,B23
27,1670.2663059611484,19.561066432550884,19.56106643255111,83.29957810832829,17.949689327970592,17.949689327970592,0.03836249846792611,0.0006982385877430526,0.0006982385877430526,57644.43017030257,1.1204974725842476e-09,1.1204974725842476e-09,0.022502180702824982,0.05245603472024212,0.05245603472024212,1.184572600051081,0.27968715025181123,0.2796871502518113,563.027932967756,0.478916348291591,0.478916348291591,cand_tstart_57644.407719907409_tcand_1898.2800000_dm_562.05600_snr_7.12105,1,curvefit,False,B24
28,1753.1135547036831,1375.949712311682,72.32515643599822,201.83457419068947,389.6474880948429,59.315807241173594,0.16180403053163642,3.67148530404648,0.031272170333713545,57644.4301714188,4.030880518257618e-09,3.943569026887417e-09,1.3838522103274735,0.1743766001716862,0.19753870074876007,0.6616732110681374,0.27444021688037923,0.2582146555343504,568.0044688552657,1.1793029596440192,1.1581462245641203,cand_tstart_57644.407719907409_tcand_1898.3300000_dm_568.56200_snr_10.05960,1,mcmc,True,B25
29,1469.638266271352,12.069214808453578,14.18448643291845,110.16889381165156,15.648925219001624,12.53665027219324,0.09623727939325487,0.008865474341644614,0.008593288741845591,57644.43129536143,4.285539034754038e-09,4.6056811697781094e-09,0.8250785204983142,0.17656298699639028,0.1691156972212392,0.4898672406265712,0.1666500204680933,0.16947183050096526,565.6060596644586,0.6900089951298014,0.6774787198214653,cand_tstart_57644.407719907409_tcand_1995.4300000_dm_565.30000_snr_10.33160,1,mcmc,True,B26
30,1344.4716586491704,72.31303993382653,1397.881378789806,1123.000215113009,2074.4616185115437,999.9317229295112,0.17261565241393995,0.10826270953177143,0.08556811204667891,57644.43223489556,2.412707544863224e-08,1.6421836335211992e-08,2.041703392334023,0.981188828428361,0.6821793402485103,1.0746489271824295,0.5185496104834653,0.4059595308795825,569.6067205778744,1.5327916355373643,2.172628823767127,cand_tstart_57644.407719907409_tcand_2076.6000000_dm_571.84300_snr_6.76876,1,mcmc,True,B27
31,1753.8735287403454,38.83384592417178,18.88831645879668,96.04458279605205,23.23851802252794,13.841936984834929,0.13679982337554542,0.03160671424843009,0.015146682691897354,57644.43224272159,1.0622898116707802e-09,1.2005330063402653e-09,0.5900089978939134,0.04580417390788938,0.04600941755964627,0.15751881678688315,0.08557026075584509,0.05289250714212199,561.3410860942595,0.5100550925149037,0.5005274577914633,cand_tstart_57644.407719907409_tcand_2077.2700000_dm_558.83100_snr_10.48400,1,mcmc,True,B28
32,1682.0866711980232,1440.496615486832,34.03930468087174,126.72004276170807,482.4698280277841,36.52470910130809,0.06290631678032667,1.502574329465209,0.013961092843146295,57644.43404519745,3.6307028494775295e-09,3.8198777474462994e-09,0.6495653888255444,0.18370504542292845,0.16520118915687376,0.4155419711509197,0.4347762981694937,0.22798346991558724,561.9449710451697,1.2517472340084623,3.3382784105212977,cand_tstart_57644.407719907409_tcand_2232.9900000_dm_552.43700_snr_6.90756,1,mcmc,True,B29
33,1438.4367890594197,12.09237194358707,12.718915197486242,96.87453153205992,15.153188914177976,12.912618728598304,0.1209518132138196,0.013904251394178837,0.013317212797945704,57644.4363657517,1.943408278748393e-08,1.943408278748393e-08,2.114945206672511,0.5862555260004649,0.5351130437053087,1.171342265053308,0.48412987376018396,0.4245760576446235,568.2929111835327,2.401007568412865,2.51564553497326,cand_tstart_57644.407719907409_tcand_2433.4700000_dm_562.05600_snr_7.11070,1,mcmc,True,B30
34,1501.6543084395275,6.31825765094527,6.421392985812872,100.30878118883213,8.131902612337981,7.2552635038236275,0.1912684049015363,0.010069165712481787,0.009737950721200568,57644.43879496617,4.292814992368221e-09,4.314642865210772e-09,1.569188638571429,0.14112670129812765,0.15052166208966722,0.4669021863331349,0.1368872724207001,0.13118315091985044,566.6149570764563,0.7196468051025704,0.7352750145338405,cand_tstart_57644.407719907409_tcand_2643.3300000_dm_568.56200_snr_16.48840,1,mcmc,True,B31
35,1410.1706419749307,7.569828122857188,7.570619921379148,78.70368082122553,8.584275705902712,7.667937800807407,0.1368000175982884,0.012764362921419664,0.01195240863648052,57644.43884518071,1.4078977983444929e-08,1.4530087355524302e-08,1.7126789861427694,0.28740226031582217,0.3804301309320677,0.645990978140947,0.3719185049864766,0.2661399622136749,564.2085752202478,1.4071502372207758,1.3910082251466065,cand_tstart_57644.407719907409_tcand_2647.6700000_dm_562.05600_snr_9.49854,1,mcmc,True,B32
36,1476.8165760699173,17.642548563746463,18.376302099482924,122.8797363467505,20.312368233848414,16.493154753617038,0.07766767660935768,0.012490791687415972,0.0102822934064066,57644.43921285496,8.963979780673979e-09,7.494236342608929e-09,1.1812453431037315,0.3026901490669185,0.3555884526210674,0.5934617038234158,0.5626314889194329,0.2914897683060149,562.5319526769657,0.9726264006623068,1.3350520612783612,cand_tstart_57644.407719907409_tcand_2679.4300000_dm_562.05600_snr_7.30120,1,mcmc,True,B33
37,2559.5312699184533,612.1317513691079,1391.8421602666972,2052.859561617383,1413.0311707715794,1089.3245042476156,0.2719824727071126,0.10107417041387716,0.06363308206786243,57644.440688613366,5.151377990841866e-09,5.631591193377972e-09,1.276657559620608,0.4331834766632952,0.3749132626949976,1.0071871455149999,0.4056525691357107,0.3351145210475558,567.0323431996264,0.8125251841564705,0.9055199221098746,cand_tstart_57644.407719907409_tcand_2806.9300000_dm_568.56200_snr_7.56371,1,mcmc,False,B34
38,1706.8958796729362,5.255398089010441,4.676407887471896,60.55670501111509,5.7948437648847015,4.920802445657009,0.2350091606055675,0.012553240926278408,0.012401292639468821,57644.442997728576,5.384208634495735e-09,5.777110345661639e-09,2.7545894016685954,0.19394851612787,0.21019545742796095,0.7240943263458963,0.3607281345984208,0.23648302023395984,575.2594728717643,2.618152096442373,2.674777133431689,cand_tstart_57644.407719907409_tcand_3006.4200000_dm_568.56200_snr_10.84490,1,mcmc,True,B35
39,3103.2003274818453,194.67496814027984,405.92702986724913,474.9230469774061,65.30191112107964,88.31109797373614,13.562076629668901,23.91974915041917,10.923800653822545,57644.44358918223,1.658918336033821e-08,2.6462657842785117e-08,2.964734194524063,1.6175691691523686,1.275405357460542,2.2828578934480284,1.5558811076364294,1.2286614367446445,574.4142940415572,11.110768271672098,6.138217662124929,cand_tstart_57644.407719907409_tcand_3057.5100000_dm_562.05000_snr_6.00000,1,mcmc,False,B36
40,1411.8505465022283,23.852575211393514,16.899064667146607,133.18039813591517,28.234492413645,15.536819223960777,0.06536128842700639,0.006608533029920705,0.00849797770855755,57644.44359002868,3.0122464522719383e-09,3.965396899729967e-09,0.582530562216256,0.11386583512549475,0.08714408987072286,0.14377975089230854,0.10025389317158724,0.04140172604310259,562.8043597403098,0.4703068181522667,0.3794158028091488,cand_tstart_57644.407719907409_tcand_3057.5900000_dm_562.05600_snr_9.50321,1,mcmc,True,B37
41,1618.3302576231326,18.39669158565357,16.03616716270017,110.114902315093,20.796255976212805,15.157107900336245,0.09855174183820667,0.01472498047303035,0.013935619420182538,57644.44522505795,8.025381248444319e-09,6.562913767993449e-09,0.9089268488535956,0.5076985722351198,0.4568526815234384,1.9416244989301656,0.7179314184075354,0.9332806896088288,567.4291801354559,1.5473273652202124,1.5075950923085202,cand_tstart_57644.407719907409_tcand_3198.8400000_dm_565.30000_snr_6.94612,1,mcmc,True,B38
42,1503.3200194010985,13.89503625384009,17.804765382274354,126.0043371320208,12.821784734979104,12.278029484959587,0.0567611756062859,0.009833618564996337,0.005824358468936266,57644.4467881244,1.025910023599863e-09,1.7389538697898388e-09,0.21051546584295386,0.04084608392219527,0.043689507193535336,0.11764021717256536,0.1300965435842535,0.05033592620640563,560.9034457455766,0.14837465548248474,0.1509667083688555,cand_tstart_57644.407719907409_tcand_3333.8700000_dm_558.83100_snr_8.33006,1,mcmc,True,B39
43,1588.1929684411002,10.374924080724668,10.3461344756397,81.40184783148972,10.775125014236052,9.141235037437196,0.11763782318773942,0.0170052196936923,0.015048254987089891,57644.447567821764,8.825736586004496e-09,7.4214767664670944e-09,1.132266353244757,0.4550410482912184,0.3937061537520854,2.0312535797302607,0.7668593799938463,0.6589367742644505,559.8473033531908,2.627435380571569,2.679809193737583,cand_tstart_57644.407719907409_tcand_3401.2300000_dm_562.05600_snr_7.57980,1,mcmc,True,B40
44,1378.8951187200555,1.3479934099377715,1.3479934099377715,30.83567758215573,1.3440285227146092,1.3440285227146127,0.4008908872883172,0.019393557780612247,0.019393557780612247,57644.44772749575,1.7236743588000536e-08,1.7229467630386353e-08,0.7839810432692766,0.1713189377489358,0.17131893774893592,3.046816428570485,0.20912255302123794,0.2091225530212384,558.8875326707898,1.7290841265938752,1.7290841265938752,cand_tstart_57644.407719907409_tcand_3415.0300000_dm_558.83100_snr_8.64735,1,curvefit,False,B41
45,1668.1901004181038,14.702825448566955,11.660818419590669,108.03923790183936,18.422603329015644,15.684084417964131,0.09887900088262667,0.008574915390541463,0.007991297492877067,57644.449915568504,2.8448994271457195e-09,2.881279215216637e-09,0.9332062495718708,0.1603030193780972,0.2302788440626652,0.38587048863268586,0.2331272382597383,0.16207402633755158,565.9607956257584,0.7981314782311983,0.7370288109989358,cand_tstart_57644.407719907409_tcand_3604.0600000_dm_565.30000_snr_7.83179,1,mcmc,True,B42
46,1682.7789493146793,12.127181559014616,9.06524514120042,123.54532631209531,15.464187260330961,12.45164783424886,0.22044683920144,0.01275191420194538,0.011042443371690304,57644.451605443726,1.367880031466484e-09,1.2951204553246498e-09,0.794652177211992,0.09527093801839047,0.0891472765776512,0.8611138585335909,0.11490136407535599,0.11696663861892533,568.1581093156187,0.4500589365306951,0.4575726710359049,cand_tstart_57644.407719907409_tcand_3750.0500000_dm_568.56200_snr_16.24030,1,mcmc,True,B43
47,3133.0075162293842,175.23230152484666,355.5618751855577,521.7594569488305,53.669814600458956,71.45302154142773,10.750998825908587,12.85934941931,7.172429497942352,57644.45238971161,6.199115887284279e-09,5.813490133732557e-09,1.8208449680115368,0.3211144131320087,0.3441520153859692,1.062796917498611,0.5197554100905659,0.450984825348352,568.7808882175049,2.326107441105819,3.9670056015713726,cand_tstart_57644.407719907409_tcand_3817.8100000_dm_568.56200_snr_10.07410,1,mcmc,False,B44
48,1706.5068239594018,1486.3710735242275,57.3506623700282,161.9885127793351,474.9685137439837,74.46033785070036,0.07367998641911451,1.8058069800092171,0.017109765809272072,57644.453937472645,4.474713932722807e-09,3.812601789832115e-09,0.8688420079676217,0.19555630638514432,0.4358830088214419,0.4647069754015432,0.4106546674641541,0.2242314456805831,562.4768669437028,1.3875343427620237,1.2046243453586385,cand_tstart_57644.407719907409_tcand_3951.5200000_dm_565.30000_snr_6.13360,1,mcmc,True,B45
49,1371.0045365777805,2.1478312068700234,2.229256436441119,61.48904781114578,2.3088367397066776,2.215078280947921,0.41383632574823376,0.012678991699542395,0.012414376874109291,57644.454477403684,8.207280188798904e-09,8.236384019255638e-09,2.7656087168151338,0.1714454679338795,0.2043305458362914,0.5797163773520909,0.1403945729858519,0.11369661024408395,569.5990559448829,0.8297861256764918,0.8262579933322058,cand_tstart_57644.407719907409_tcand_3998.1600000_dm_571.84300_snr_20.50630,1,mcmc,True,B46
50,894.5075024703189,762.0894919332526,1126.3155899325925,2011.2229526779931,1426.9934789655015,1715.3321255649969,0.14756415027569655,0.044851055060256856,0.08553177872283657,57644.457883227464,3.14321368932724e-09,2.6338966563344e-09,0.5019362073166461,0.11644537495758367,0.10825865566659404,0.2302067724829261,0.13555662661816462,0.08910609094932813,561.9360496800725,0.2577489461082223,0.22059128263242656,cand_tstart_57644.407719907409_tcand_4292.4000000_dm_562.05600_snr_9.51413,1,mcmc,True,B47
51,2930.1079795149803,301.6984621993797,1238.4342026168695,554.920581308236,2490.569338261398,124.14138786201558,1.2793966723993144,14.63489912708559,1.104359758304248,57644.46450748822,4.20550350099802e-09,1.0346411727368832e-08,0.4399239442361471,0.3701300756355373,0.267046724843452,0.746212455372792,0.5586814900542676,0.3487185389373533,565.3368842775441,3.5052408517012736,2.291545650468379,cand_tstart_57644.407719907409_tcand_4864.6800000_dm_568.56200_snr_6.72464,1,mcmc,False,B48.1
52,42.021699221204244,1287.439656764129,524.0128340581954,546.6649134369038,543.6137412577974,417.62403646409376,0.6809333557306108,26.22631905250753,0.6047902582435095,57644.46450754992,3.983222995884717e-07,2.9547663871198893e-08,0.8509937402571531,3.1607072788628137,0.5917549882052555,0.7393982987249901,3.5713609088384004,0.3991404738257817,564.2415246943629,145.42471214465039,178.766732664797,cand_tstart_57644.407719907409_tcand_4864.6800000_dm_568.56200_snr_6.72464,2,mcmc,False,B48.2
53,1662.7865715963565,14.990226547892913,11.38795495765703,135.63920209802012,17.25201060081517,14.123430256598668,0.489809953390869,0.029315482368288293,0.02577305644502087,57644.464758928996,1.3744283933192492e-08,1.4450051821768284e-08,8.33647719635518,0.4778664110401305,0.5268127559651292,2.020311818956458,0.7340842891616659,0.5608025738775297,568.0209477104653,3.8950787047050426,3.654518093625484,cand_tstart_57644.407719907409_tcand_4886.4000000_dm_565.30000_snr_15.69560,1,mcmc,True,B49.1
54,2408.606972345748,713.6065404325627,1401.4655089122293,2188.4012333090955,1310.3958085559113,1218.5311564976746,0.1565159199761888,0.046766615142038635,0.03859236224442364,57644.46475990278,1.382431946694851e-09,1.2005330063402653e-09,0.1856763007450276,0.1360710991962898,0.10895099721510522,0.5524601178344175,0.15779947245234738,0.1479334978660703,561.2881552249742,0.2687442931970736,0.15673421280496316,cand_tstart_57644.407719907409_tcand_4886.4000000_dm_565.30000_snr_15.69560,2,mcmc,True,B49.2
55,1459.3052904788376,10.164970771032586,10.733240784728423,85.53671181352941,10.825651663044553,9.552485122886267,0.13133600661467631,0.015209019656167666,0.013933658992429654,57644.46476275086,1.1961674317717552e-08,1.2259988579899073e-08,1.3354085097233528,1.0169142821421706,0.8644005424413317,1.7243400338385373,0.5990983725768995,0.8053856502837733,561.4848217242076,2.394596044631953,2.0440285960830806,cand_tstart_57644.407719907409_tcand_4886.7300000_dm_571.84300_snr_8.53638,1,mcmc,True,B50
56,2510.2468178970385,647.3743874244682,916.0298191962186,951.8811541327248,1033.8172035056587,662.665550788854,0.31593539940945,0.21803724191021615,0.1919466148041364,57644.465729923264,5.908077582716942e-09,7.137714419513941e-09,1.415204555004803,0.560876586668122,0.38177017442668815,1.1567072401384628,0.4601340146970132,0.4078228751751576,568.5213495101414,1.1558066544026817,1.18076876896248,cand_tstart_57644.407719907409_tcand_4970.2900000_dm_568.56200_snr_8.48465,1,mcmc,False,B51
57,1667.3435089445072,4.503355932852855,4.432375865831318,73.20700094257792,5.716007177281924,5.032887407374473,0.1847645954912684,0.00887323596284939,0.008831254581095738,57644.46622228947,3.5797711461782447e-09,3.499735612422228e-09,1.4336977169227212,0.14598744998429147,0.15855542802121692,0.6316229744584676,0.2442378059012805,0.23925531035518044,569.8023391939028,1.0536135289260071,1.0494706875531392,cand_tstart_57644.407719907409_tcand_5012.8200000_dm_568.56200_snr_14.73570,1,mcmc,True,B52
58,1715.8312452343835,33.39547145597453,17.62622247617105,121.07035534259664,28.866351290537324,20.328100708075603,0.19145356581729125,0.025641299203150503,0.0169729649431572,57644.46809536546,3.943569026887417e-09,3.587047103792429e-09,1.4657449570164136,0.2426215806035281,0.2234313274006692,1.1247907372985329,0.3075052307930035,0.3434909637080628,571.8483922533592,1.3922334933063212,1.3853505549863028,cand_tstart_57644.407719907409_tcand_5174.6400000_dm_568.56200_snr_11.69680,1,mcmc,True,B53
59,1596.8079698968372,611.277904434809,611.277904434809,124.84413441581744,130.77589154404146,130.77589154404146,0.04603271630846541,0.1456085957319442,0.14560859573194426,57644.471177673186,6.578193278983235e-08,6.578193278983235e-08,0.0003173433742377527,9.95896101347289,9.95896101347289,0.9258814471863464,0.1990044338789111,0.19900443387891095,564.2633761999369,41.92780588214577,41.92780588214577,cand_tstart_57644.407719907409_tcand_5440.9800000_dm_562.05600_snr_6.92772,1,curvefit,False,B54
60,1648.709455233951,12.385754839555375,10.474862857228118,95.22948922414871,12.159933703041887,9.821915116457419,0.1307898752384504,0.013169186669152178,0.011963819139654941,57644.474717918245,5.573383532464504e-09,5.427864380180836e-09,1.4068314857960538,0.26690492034125834,0.2417087516815788,1.2852855004819743,0.485313787934988,0.4607231625148162,569.8472210637392,1.555280809198848,1.5831194836744091,cand_tstart_57644.407719907409_tcand_5746.7700000_dm_575.14300_snr_8.95662,1,mcmc,True,B55
61,1706.1260031179581,4.455173571596788,4.0116923196592325,53.67292341050364,6.001413043720581,4.8676335614330455,0.1615227470422813,0.010557042291700292,0.01025862870831154,57644.477082041114,2.9467628337442875e-09,2.61206878349185e-09,0.8845715573642036,0.16031689050494513,0.13822472019242005,0.909979007714492,0.21530045578396415,0.2223880308128885,559.7039147919747,1.6162690188388067,1.6553939361339192,cand_tstart_57644.407719907409_tcand_5951.0100000_dm_565.30000_snr_9.23291,1,mcmc,True,B56
62,1530.213172927761,5.7272810253452935,5.661187367430784,185.96726701628452,6.2683193182338925,6.118242525497237,0.25370189199361504,0.005759296154692117,0.005462258203401266,57645.411088961126,4.0745362639427195e-10,4.0745362639427195e-10,0.4807433969327373,0.02506084697951461,0.02396012193620556,0.2094573651129805,0.0230422520919554,0.02445721521708047,561.7463521975021,0.06052965550316002,0.06053392057674501,cand_tstart_57645.409861111111_tcand_56.3636000_dm_562.05600_snr_43.19220,1,mcmc,True,B57
63,1462.010835071896,5.553151802732374,5.594528339361659,77.62561013035888,5.829903761132343,5.415621455135891,0.1292097927416607,0.00810250260381723,0.007883576356823671,57645.411651652605,4.3291947804391376e-09,4.220055416226387e-09,0.9388397274596209,0.14899005428558587,0.13580116762620498,0.4100355562934685,0.11374345596225632,0.11987595482499885,564.3703509923179,0.6195938075437653,0.6505680728776042,cand_tstart_57645.409861111111_tcand_104.9760000_dm_565.30000_snr_11.92560,1,mcmc,True,B58
64,1536.5845572816227,4.637797900859597,4.4575380237540685,68.15029001093293,4.482496012792382,4.085007897197698,0.20134370582911404,0.012168072913820771,0.011755326994188048,57645.41188908639,9.044015314429998e-09,9.080395102500916e-09,2.20668534494092,0.3529252614121301,0.33601557853743746,1.0981566491722323,0.31579436665840555,0.3450296280017937,567.8305927949822,2.087381536324756,2.019221459397727,cand_tstart_57645.409861111111_tcand_125.4860000_dm_575.14300_snr_12.02370,1,mcmc,True,B59
65,2952.9555953984186,277.7356497840892,962.8993858740052,444.3084121195232,83.25425120146191,219.5148733096471,4.070262680052723,6.121378232207113,3.9295371712690974,57645.41228187197,4.198227543383837e-09,4.321918822824955e-09,0.8061226044172167,0.17421158597514175,0.14094119687493545,0.32845087986226457,0.2520324241759013,0.15970041214716973,566.4708542645783,1.882519549315134,1.7387809550809834,cand_tstart_57645.409861111111_tcand_159.4330000_dm_558.83100_snr_7.95436,2,mcmc,True,B60.1
66,2269.117500351457,939.1855554732684,616.4982858459016,480.66965462462883,257.2081265546749,340.4924780184935,0.3609501551490708,1.6179636146980945,0.2450556814118264,57645.41228199004,4.707544576376677e-09,7.203198038041592e-09,0.9233631713450464,0.5702386774545132,0.5487712997265344,2.507109251581579,0.6229743926049967,0.509642792734633,561.2267657731097,2.1766297161665307,1.7124083131026282,cand_tstart_57645.409861111111_tcand_159.4330000_dm_558.83100_snr_7.95436,1,mcmc,True,B60.2
67,1437.894307430369,1344.8313391109048,1433.1636822144267,2809.1235848905376,854.9152787511433,1136.8216352534632,0.2507109474771264,0.0802723069428129,0.0679181159819397,57645.41286868906,1.8910213839262724e-08,1.7309503164142367e-08,1.9426697580521224,2.359891508957931,0.9978470255573292,2.48314575939225,1.716731499026472,1.152991294821451,579.7308879456501,2.814246956486272,13.366844587280186,cand_tstart_57645.409861111111_tcand_210.1250000_dm_581.80000_snr_6.53356,1,mcmc,False,B61
68,1574.834447053428,10.516953109635324,11.025020806415567,110.1517327945971,14.56999769219071,11.252887270043374,0.11989878306497075,0.009656218679225392,0.009066002024865807,57645.41364474009,4.591129254549742e-09,4.598405212163925e-09,1.3080663499674037,0.20611132586280825,0.21739365682309295,0.6116632421259313,0.2689557103926258,0.23724763917624855,567.2196508341575,1.148593821698114,1.2504060231866558,cand_tstart_57645.409861111111_tcand_277.1600000_dm_571.84300_snr_12.11470,1,mcmc,True,B62
69,1276.2686535691741,9.907018465386956,10.465535649445883,85.62220722989358,10.744012880793562,8.672703522284834,0.1031043689128072,0.011391531104569808,0.010585439973994193,57645.416095339686,1.2216332834213972e-08,1.1241354513913391e-08,0.7725376215533739,0.24227183008541944,0.20697676941941268,0.6018742317090595,0.1525246722033795,0.13999639631138616,562.0170810650978,0.7870830741569534,0.8581059761057759,cand_tstart_57645.409861111111_tcand_488.8740000_dm_562.05600_snr_7.28986,1,mcmc,True,B63
70,1824.6586917066131,1127.0250407730366,1414.4680250559036,2631.9683324031093,983.3728319958605,1385.619417985606,0.31599760057178045,0.08604162962909984,0.09391482324389164,57645.41639520703,1.0630174074321984e-08,1.590524334460497e-08,1.3543945478814707,0.4831073068288174,0.4717507675214423,2.5280384480431897,1.1844417416676585,1.2538092059468706,564.3866871790685,2.7630465374991218,1.7637324419513334,cand_tstart_57645.409861111111_tcand_514.7790000_dm_565.30000_snr_8.08784,1,mcmc,False,B64
71,1549.3027404889895,12.382331666771051,12.530892132443796,108.1654106353438,16.051127411028148,13.199134959879446,0.09143896829717864,0.009100074706131195,0.008510788892273566,57645.41656481819,6.133632268756628e-09,5.755282472819089e-09,1.1901027955157741,0.22346414453015265,0.2328541623208161,0.5727375917714326,0.28610067395949257,0.2362887989817986,565.7037723241441,0.9632886558207474,1.1328143473309638,cand_tstart_57645.409861111111_tcand_529.4350000_dm_555.62500_snr_10.62310,1,mcmc,True,B65
72,1438.2830917380506,11.568533193228859,12.091660260552773,117.72499706033756,12.750941720013527,11.357021316372169,0.1046550059618761,0.008588500593787601,0.008352186869207273,57645.41746730573,6.140908226370812e-09,6.002665031701326e-09,1.597562000919513,0.1640428043427249,0.15021898870167186,,,,567.6700173775862,0.7432869959052368,0.7140798190425812,cand_tstart_57645.409861111111_tcand_607.3980000_dm_568.56200_snr_10.56380,1,mcmc,True,B66
73,1639.9499052458955,26.277784644088346,18.799373123845502,175.2420915218176,34.95399203741641,27.143575120398534,0.09930291950616008,0.008999351212220355,0.007898506506461497,57645.4178974628,1.913576852530241e-09,1.9426806829869747e-09,0.8232444190030147,0.105215197194106,0.11345312902005368,0.31350296848070897,0.14857677487661292,0.11893394749115735,564.7549559080643,0.4700210193144585,0.5049790861929749,cand_tstart_57645.409861111111_tcand_644.5610000_dm_565.30000_snr_11.90090,1,mcmc,True,B67
74,2078.748339134649,950.429777717624,1288.3086235904939,2389.3101675089056,1165.9793622771554,1376.413304111143,0.19610231764033667,0.051064037252371484,0.06017155418791539,57645.41900590242,9.793438948690891e-09,5.73345459997654e-09,0.9763798354348155,0.5603938804027154,0.4866206587696436,0.8871424399498319,0.4124483039421568,0.3563708742555264,567.9386673531308,0.9387699962592252,1.3211047947027057,cand_tstart_57645.409861111111_tcand_740.3220000_dm_568.56200_snr_7.58586,1,mcmc,False,B68
75,1452.437832924852,15.657966221211607,13.734091871725926,84.31991049904644,13.93987621463522,12.536747126454204,0.05901454529480005,0.008612641362998455,0.00918212458204469,57645.41920745466,1.065927790477872e-08,8.789356797933578e-09,0.7325013296433921,0.312808916255654,0.31451599955657195,0.5237955695744592,0.2846104906645525,0.2205133558269719,564.4824787390274,1.3194326660498064,1.3467268853162295,cand_tstart_57645.409861111111_tcand_757.7320000_dm_565.30000_snr_6.48943,1,mcmc,True,B69
76,3084.578023994805,217.31584618575246,459.4366105806839,636.7501291453208,146.021668553553,116.31053836801813,0.8973618274033013,1.698277914225294,0.5741154463610156,57645.41989622637,3.5943230614066124e-09,3.739842213690281e-09,0.7931829065867292,0.3371007345464202,0.2877283654985566,0.752932988395234,0.3894043187681064,0.3316466294286565,563.8051026531457,1.3541269598065355,1.3528780921665202,cand_tstart_57645.409861111111_tcand_817.2370000_dm_565.30000_snr_6.54627,1,mcmc,False,B70
77,1377.8527034256667,4.584987329684964,4.450187504616451,78.10591059990912,4.514129778150277,4.201103467078582,0.34378745811525924,0.018127012897164674,0.018032207387734145,57645.42026593113,9.742507245391607e-09,8.847564458847046e-09,0.997937311635852,0.23196542155024716,0.2114471578378252,2.5762553997611533,0.2402238075126624,0.22277131993121915,561.0770468262772,0.8693651948752859,0.9538553897689326,cand_tstart_57645.409861111111_tcand_849.1810000_dm_562.05600_snr_16.06050,1,mcmc,True,B71
78,3083.245091103824,216.8905759524532,463.137227279016,655.946966042589,239.48360377795655,138.80861498369177,1.1539993138008144,3.418311586136108,0.7978127455454208,57645.42060043915,1.0753865353763103e-08,7.0649548433721066e-09,1.1656080732221612,0.6735023004896119,0.8338094365123327,2.0893661639298693,1.3349550693415866,1.1693185734043938,558.9737859591834,1.5896121888355308,2.2569616809078066,cand_tstart_57645.409861111111_tcand_878.0750000_dm_568.56200_snr_6.64522,1,mcmc,False,B72
79,3080.0066724725957,220.18021474852046,467.32556990102285,616.1374031379597,135.89710573799505,115.43442669840351,1.5108802738579914,2.9349270225527,1.0081809359558114,57645.42067952374,7.355993147939444e-09,5.9517333284020416e-09,1.5418204765610808,0.6136190266807859,0.7856532589614438,1.6588194736725297,0.8336534063960297,0.7400076794201944,574.8312912097192,2.9853811017945877,2.8481481654260965,cand_tstart_57645.409861111111_tcand_884.9110000_dm_575.14300_snr_7.04058,1,mcmc,False,B73
80,3134.2620204378118,176.60429802914402,397.09754048003236,522.7482611771454,95.54650370546517,87.12977596449265,4.741475403041873,12.315335788497302,3.561077921244459,57645.4207523634,5.755282472819089e-09,6.642949301749468e-09,1.1567556607195812,0.8351653008449904,0.6014174520648453,1.862063355473248,0.6956831813071724,0.87328029246865,551.2239224317011,10.706454709750119,2.4556132198383693,cand_tstart_57645.409861111111_tcand_891.2030000_dm_562.05600_snr_6.46336,1,mcmc,False,B74
81,2192.3349173895613,846.0233311453088,1430.7710788481131,2710.988090049796,921.0072737779053,1205.9827216855197,0.3916238136787562,0.06888881397444757,0.07913806177415023,57645.42128405563,3.8198777474462994e-09,4.110916052013636e-09,0.9019373480340712,0.3400150896440608,0.2823390215552718,1.8146493968546848,0.3456871630470464,0.3182608532437903,567.6212149333749,0.9428158140676716,0.6959241507852312,cand_tstart_57645.409861111111_tcand_937.1350000_dm_568.56200_snr_10.50730,1,mcmc,False,B75
82,1408.5685174392725,13.586346649998633,352.00496206403085,93.91285203013707,22.657394295446487,13.599362824802794,0.049803491793057035,0.11145391282625572,0.005825892683299284,57645.42129069917,5.304173100739718e-09,4.562025424093008e-09,0.4246816151210388,0.2453251077242896,0.08717473701579243,0.14011354692851613,0.4152162891931949,0.05482667835170429,561.6272524139697,0.5751793434011461,0.4948631731027717,cand_tstart_57645.409861111111_tcand_937.7070000_dm_562.05600_snr_7.57181,1,mcmc,True,B76
83,1311.9871822209425,5.233455972568437,5.437590385914064,51.08729684983057,6.497107765293649,5.735693571181352,0.1221256875326058,0.010987000278269585,0.011019940708879279,57645.42161300484,1.7411366570740938e-08,2.3428583517670628e-08,1.2933249630542158,0.4651924046557856,0.5225448615917735,0.6929618543446404,0.22842452608440345,0.2151551260623985,565.7308614330152,2.180545688230609,1.5935008677621454,cand_tstart_57645.409861111111_tcand_965.5470000_dm_571.84300_snr_8.61639,1,mcmc,True,B77
84,1172.2976714736478,17.183989822746295,36.187959560397076,77.92113348860437,35.690073535781174,13.46970447889548,0.10880074405969052,0.027882619977191686,0.015007707990340971,57645.421848464524,1.3395037967711689e-08,1.594889909029007e-08,0.8748718997740155,0.2837906349371042,0.2435208257528043,0.28265486235208803,0.14173332254400234,0.0819075914439433,562.4134410774908,0.7209324594163036,0.8760607662566144,cand_tstart_57645.409861111111_tcand_985.8850000_dm_568.56200_snr_6.48642,1,mcmc,True,B78
85,1702.0121599109868,4.147355063260875,4.029572998231288,56.897314670636426,5.611200835810244,4.8081058897611015,0.1769381452254329,0.011187844794021795,0.010389952113639578,57645.421872443185,3.383320290595293e-09,3.368768375366926e-09,1.192419424200576,0.20465509572149387,0.1782679369173985,1.686744861615766,0.2908005311216857,0.2962256190924541,568.0334272353789,2.2097717777107846,2.1762159590955434,cand_tstart_57645.409861111111_tcand_987.9670000_dm_575.14300_snr_11.09890,1,mcmc,True,B79
86,1600.5543976425436,7.277823309820177,7.744704388916261,80.87731188705854,8.360896329085277,7.4392490537732385,0.12862776892597974,0.009511001466821463,0.009662645475529072,57645.42245497578,3.034074325114489e-09,2.939486876130104e-09,0.5226504269761005,0.2880950218829773,0.18163062634967425,1.3177774889219354,0.23597336641520505,0.2738165608132825,564.4414652580277,1.0342325791282292,0.8459593525668652,cand_tstart_57645.409861111111_tcand_1038.2900000_dm_565.30000_snr_12.13560,1,mcmc,True,B80
87,1717.212819988355,394.49393254475564,14.663711977495494,64.74488284347132,306.2123569052257,24.613383560666147,0.050891409910622736,0.09973246594873222,0.009647333462494634,57645.42300948972,5.820766091346741e-09,7.1668182499706745e-09,0.7831994184408535,0.08441998779393223,0.17780668406793088,0.5617164052604731,0.12090128450963213,0.20457334175334013,563.1656452484291,8.251099261066884,5.248669768920762,cand_tstart_57645.409861111111_tcand_1086.2000000_dm_562.05600_snr_6.40849,1,mcmc,True,B81
88,3140.121854853946,173.98530653491483,358.33733498850785,575.5105912095646,62.72677571630129,72.84858301693151,3.561113879267696,3.92940304673252,2.0903059040292247,57645.42414587026,2.3283064365386967e-09,2.393790055066347e-09,1.3254601356264069,0.12634476847451093,0.11742364855632648,,,,569.17071146967,0.6610804784503443,0.7126596890542487,cand_tstart_57645.409861111111_tcand_1184.3700000_dm_568.56200_snr_10.18250,1,mcmc,False,B82
89,2440.9032252901,703.2349732218231,1295.4742927347265,1928.1929942865145,1504.1016024102978,1071.4718274361226,0.14866852810209366,0.06556355044710685,0.04415979078716245,57645.42461798825,3.5579432733356953e-09,8.018105290830135e-09,0.7242238172224892,0.32689884969259475,0.3202377817072508,0.41005463041633183,0.24899431734794564,0.17305239631735528,564.7420428254267,0.7263469096587869,0.4873390404710562,cand_tstart_57645.409861111111_tcand_1225.1600000_dm_565.30000_snr_7.67881,1,mcmc,False,B83
90,3035.2269504294172,252.72428180185037,698.6592834338735,579.9113908546158,121.77221271138376,164.15044784487586,1.4357896551503655,2.9016077916114136,1.1350006424900214,57645.42547826256,9.1313268058002e-09,7.596099749207497e-09,1.0233084775999641,0.7743976908123795,0.6473015296806528,1.6713886359568724,0.8866433441378332,0.8841457093706978,563.24042835929,2.2257852982315853,2.6119951995813158,cand_tstart_57645.409861111111_tcand_1299.4800000_dm_562.05600_snr_6.87737,1,mcmc,False,B84
91,1309.5892041266236,20.492824346870293,20.492824346870748,133.45486760986142,19.22089874670056,19.22089874670057,0.10635608532965828,0.01743771802210603,0.01743771802210603,57645.42674654551,1.7898855730891228e-09,1.7971615307033062e-09,0.014283095852394144,0.06251680879676888,0.06251680879676888,2.0159183260084306,0.4022660562501015,0.4022660562501008,566.0646959984501,0.15127498128413208,0.15127498128413208,cand_tstart_57645.409861111111_tcand_1409.0500000_dm_568.56200_snr_6.27196,1,curvefit,False,B85
92,1550.1282323048536,10.616144033132967,10.94080213755251,76.31231536692327,10.644020059395233,9.747604098880801,0.0672944109120035,0.008933369426569707,0.008194813761287112,57645.42679239832,8.440110832452774e-09,6.2937033362686626e-09,0.6116008075918479,0.3742269171503366,0.3479874370088527,0.8522574698890472,0.3383416744755111,0.3394456980820201,562.579230581189,1.1066071903399006,1.3678537415986511,cand_tstart_57645.409861111111_tcand_1413.0100000_dm_549.26700_snr_6.75614,1,mcmc,True,B86
93,1756.1179683199402,441.299977284398,50.083043445793685,192.62154433259394,198.20393055856889,46.269039616117794,0.20189898709511947,0.38404839800347856,0.03012032319003768,57645.42692253217,3.739842213690281e-09,3.3614924177527428e-09,1.3865652188446382,0.20392208290630487,0.19681126674970506,0.9190563801451171,0.30082041513757074,0.320082273773042,571.1250897247852,0.9088061483123512,0.9496839848495712,cand_tstart_57645.409861111111_tcand_1424.2500000_dm_571.84300_snr_13.01980,1,mcmc,True,B87
94,1894.1251248180813,1118.2687476656,1280.7148806599764,2407.093455123237,1151.3245065908775,1543.2172545394046,0.17088640305116626,0.059182203049980224,0.06345091567682565,57645.4273389319,7.021299097687006e-09,6.853952072560787e-09,0.7428150669555701,0.4118684565073373,0.3354175742643744,0.9994109252643659,0.6663922110091934,0.4597775096844399,561.1851242987987,1.6738288734476328,3.8357654484689188,cand_tstart_57645.409861111111_tcand_1460.2500000_dm_555.62500_snr_12.63900,2,mcmc,True,B88.1
95,1458.5993177401886,16.447800565153557,14.905490457495716,129.15365696404538,20.63766460054677,18.10998205334478,0.10965036698687412,0.011784381654221856,0.011503451895722395,57645.42733917835,9.611540008336306e-09,8.738425094634295e-09,2.425962171253975,0.3816165859735774,0.3478435008273797,,,,561.4175226720089,1.2333010863070513,1.5195670149381613,cand_tstart_57645.409861111111_tcand_1460.2500000_dm_555.62500_snr_12.63900,1,mcmc,True,B88.2
96,1479.2406508239276,8.003131372495545,7.914794328070911,119.94107131252224,7.75589669052161,7.230658846470945,0.18300389143905693,0.010539342432426465,0.010272669289796643,57645.42890479272,5.697074811905623e-09,5.777110345661639e-09,2.410541830895492,0.1651074609013996,0.15431506211648305,,,,569.0438352817202,0.7462246028109121,0.7601764121029646,cand_tstart_57645.409861111111_tcand_1595.5000000_dm_568.56200_snr_14.99710,1,mcmc,True,B89
97,1418.4364995819674,44.40680383539802,495.38230418165637,118.60075644963835,2788.936113176331,33.871782158232364,0.08761864107309811,0.10890517058551136,0.017107183375838636,57645.42990043964,1.8248101696372032e-08,1.9928847905248404e-08,2.3566412058603547,0.6131941759211896,0.5952364354373074,0.7845611280924607,0.6017713290652849,0.30641818227256856,564.6859019353835,2.002195737404236,1.9937429788589045,cand_tstart_57645.409861111111_tcand_1681.5200000_dm_565.30000_snr_6.59588,1,mcmc,True,B90
98,1476.162699449251,9.002641345965685,9.4840497790035,80.93668843080897,9.701613458308856,8.042037436721458,0.12348899651911108,0.012648979961188328,0.012447161287728615,57645.4303445224,1.758598955348134e-08,1.777516445145011e-08,3.11467527762798,0.40738049502568696,0.36952470141149,,,,571.9129402985826,2.3226979882612118,2.4659812658068176,cand_tstart_57645.409861111111_tcand_1719.8800000_dm_581.80000_snr_7.37079,1,mcmc,True,B91
99,1721.3392026825916,4.1067341853647585,4.125864856729095,38.66781582662354,5.548194370174059,4.2962457737755875,0.17194169523252895,0.017513008276731468,0.016620127630790817,57645.4304476316,1.1095835361629725e-08,1.0775693226605654e-08,2.6370236768920563,0.8387583227010547,0.6512916602978511,3.353440961777512,1.0816593136825343,1.1382546179375534,575.2279799707735,10.37587729210304,9.917636025474279,cand_tstart_57645.409861111111_tcand_1728.7900000_dm_555.62500_snr_7.62814,1,mcmc,True,B92
100,1591.1854007759368,8.643409431836062,8.622449600901746,106.24600038520113,9.690032804717447,8.605794692375497,0.12559289258920106,0.008276471004575486,0.008099094131400003,57645.43062248716,2.9613147489726543e-09,3.0631781555712227e-09,1.1751001546850688,0.1450225312422908,0.17308839547322852,0.4256208728598015,0.20772771687025954,0.160133340882311,565.2794406423864,0.7579312070147353,0.8540979408127214,cand_tstart_57645.409861111111_tcand_1743.9100000_dm_558.83100_snr_13.70630,2,mcmc,True,B93.1
101,1619.3939872167002,13.505066497175449,13.39468349685194,122.79239077003429,19.610028069128962,15.50393097298604,0.12542608216878348,0.011403879495497288,0.010902041997143772,57645.43062259069,6.621121428906918e-09,6.606569513678551e-09,1.7288941608043285,0.2681988165203628,0.2719235450360644,0.8330533824800956,0.3948733364562129,0.3485915067433068,564.4727724333777,1.9570069703283932,1.9934477126776076,cand_tstart_57645.409861111111_tcand_1743.9100000_dm_558.83100_snr_13.70630,1,mcmc,True,B93.2
102,3086.6674794492437,214.23120743145455,605.6490270535851,498.7222820533535,58.93126929354912,116.56598946077202,6.516961024665009,9.992173473862929,5.509437500797667,57645.431306274455,3.9362930692732334e-09,4.074536263942719e-09,1.131360536448184,0.1734233143546291,0.18377353156810505,0.5876140415772296,0.3693257640726805,0.2759926168046347,565.2248175850644,1.693124901762758,3.897621117001109,cand_tstart_57645.409861111111_tcand_1802.9700000_dm_555.62500_snr_7.74440,1,mcmc,False,B94
103,1692.8718596465308,11.462984321077554,8.444990339522292,91.64663162677923,20.251070044499528,14.123112680938133,0.09535526379524242,0.0072537286610961935,0.0066907756046858955,57645.43147837316,1.5497789718210695e-09,1.673470251262188e-09,0.6875661452097346,0.07854712257932163,0.07777064223892749,0.21934808505792291,0.12027783954835927,0.08205462528683098,563.5132577389571,0.5723842187120454,0.549134274737753,cand_tstart_57645.409861111111_tcand_1817.8400000_dm_565.30000_snr_10.97330,1,mcmc,True,B95
104,1561.6920730475101,1303.0212668471995,1516.1384623686747,2832.0113013955543,831.5325844526378,1141.3037255853264,0.20171961408811787,0.05694812207678687,0.05203352484492943,57645.43254531493,1.3977114576846361e-08,1.6945705283433202e-08,2.0514854634237243,0.8049102128886507,0.8878593225060458,0.9157648251594316,0.5776612425835759,0.3436576684393642,564.6154376519155,1.756645003467156,1.456396366243098,cand_tstart_57645.409861111111_tcand_1910.0100000_dm_565.30000_snr_6.45486,1,mcmc,False,B96
105,2886.980685623117,364.1468908191973,780.8701850173538,804.9790240318474,544.5159818006151,229.019999082044,0.2804212008432261,0.4212956667940965,0.13770203183334873,57645.43308669458,3.761670086532831e-09,2.626620698720217e-09,0.5717847906860594,0.3737511839355323,0.3931336729779032,0.9638899704026559,0.35138297298938603,0.3839844456134847,562.4215840763527,0.8836178937081058,0.5134757048724623,cand_tstart_57645.409861111111_tcand_1956.7800000_dm_562.05600_snr_6.51763,1,mcmc,False,B97
106,1667.3277509737618,7.314304032389599,7.260930610266088,66.812592617578,7.870245913447705,6.665671188083209,0.0938149463814903,0.009606929174942548,0.008978200767033456,57645.43433045257,5.187757778912783e-09,5.158653948456049e-09,1.097623339270767,0.2287482412298845,0.2309130635676079,0.7033256567900403,0.30577005790009903,0.3063967062816038,559.497769153428,2.2172398349056266,2.023494596725982,cand_tstart_57645.409861111111_tcand_2064.2400000_dm_549.26700_snr_8.31295,1,mcmc,True,B98
107,1601.9634774075655,1277.6941993479318,1503.0419377232902,2819.214818793673,836.6214997700157,1140.1504968363467,0.1312909814796503,0.031018576981368732,0.030013134039573636,57645.44006684669,4.110916052013636e-09,4.3801264837384216e-09,0.7997754635654467,0.23078529464315245,0.2377409846691805,0.2991804623454505,0.23117674534743704,0.1228215531194294,565.776251151443,0.3511801777827941,0.3632282791816124,cand_tstart_57645.409861111111_tcand_2559.8100000_dm_565.30000_snr_6.84363,1,mcmc,False,B99
108,1687.7686149815,3.686275824484482,3.711555984952384,62.058150879272596,5.302570397762395,4.672710083121231,0.15445930757472515,0.007776961975903134,0.007417089335486431,57645.44081464056,2.0954757928848267e-09,1.9208528101444244e-09,0.9555990670169416,0.11116537279689777,0.11928145467801365,0.4810679721349514,0.181198735347998,0.1886270188356879,566.9271187599197,0.970968009762828,1.0065590090684964,cand_tstart_57645.409861111111_tcand_2624.4100000_dm_568.56200_snr_13.80390,1,mcmc,True,B100
109,1510.1173077628994,20.715539633075878,20.715539633075878,133.20293934693441,21.510060363184518,21.510060363184518,0.042228880908014174,0.00578810235131895,0.005788102351318956,57645.441999925286,2.823071554303169e-09,2.830347511917353e-09,0.8678979157294523,0.020881929340472397,0.020881929340472397,,,,568.6350744553442,0.4130492234967278,0.4130492234967278,cand_tstart_57645.409861111111_tcand_2726.8100000_dm_568.56200_snr_7.17058,1,curvefit,False,B101
110,2012.8122673209734,1159.7133019405999,333.3432112626693,341.17948616636033,297.91024074430635,208.9734408410033,0.2447894005809569,2.660051126483181,0.13487059315325614,57645.44210016394,7.275957614183426e-09,8.316419553011656e-09,2.1082786273704306,0.4172738819130446,0.37880786482217177,0.8257781499032281,0.6283046093648049,0.3671809721565513,563.539968326622,1.8019480201982103,2.112778850182053,cand_tstart_57645.409861111111_tcand_2735.4700000_dm_562.05600_snr_8.42326,1,mcmc,True,B102
111,1469.0850280586988,12.73257496264614,14.546633722512071,87.19069072766281,13.747526345627833,12.566361692185595,0.08432869290408512,0.011577598393420568,0.010206494907653102,57645.442633253806,1.1787051334977152e-08,1.4471879694610834e-08,1.3713679712577285,0.30616346481941026,0.34874830085917474,0.6473381163801484,0.4817925254481093,0.2918869175569563,562.4549317347366,1.4807084532652652,1.3958514327366631,cand_tstart_57645.409861111111_tcand_2781.5200000_dm_565.30000_snr_7.29509,1,mcmc,True,B103
112,1460.908406616481,63.99048663020675,63.99048663020675,93.40415783101095,18.294892461809667,18.294892461809667,0.0670003549049944,0.08678936810598252,0.08678936810598252,57645.442741337436,1.3173121260479093e-07,1.3172393664717677e-07,0.007515662749736971,2.0394464849364478,2.039446484936447,2.0720475426632254,0.5367586655372709,0.5367586655372698,568.5955570608423,7.61705171487597,7.61705171487597,cand_tstart_57645.409861111111_tcand_2790.8600000_dm_568.56200_snr_6.80153,1,curvefit,False,B104
113,1671.0399149622376,11.136197596818874,9.895401100962317,107.1102780387686,22.60750797315418,16.549132851118838,0.09538083274849776,0.007533828215700089,0.006896146877287221,57645.44448095491,1.6443664208054545e-09,1.4770193956792355e-09,0.5098147683911046,0.10274956718984853,0.08774176458898464,0.4594505312758579,0.12212865850523652,0.13477946961813694,565.3702238012539,0.5232000564685677,0.4982806072671338,cand_tstart_57645.409861111111_tcand_2941.1500000_dm_565.30000_snr_11.30870,1,mcmc,True,B105
114,1480.3463461594422,7.227444646339562,7.577571576182437,96.55459451576078,10.365147329325909,9.42324695843169,0.16180409480812316,0.01053816448622122,0.010504155197936377,57645.4449194721,7.0285750553011894e-09,6.861228030174971e-09,1.975454182002041,0.22355626479653254,0.22466549366279387,0.5178733077421109,0.1952811227343847,0.14769985270692548,565.8428071675114,1.0734126220588678,1.1373527605089748,cand_tstart_57645.409861111111_tcand_2979.0300000_dm_568.56200_snr_14.33880,1,mcmc,True,B106
115,2780.502612751131,250.0542772725039,999.5685351912804,368.1803385291448,71.82695188309923,256.1269936562362,10.415884905066893,12.013203363532309,10.275748305730357,57645.44544306952,5.129550117999315e-09,4.314642865210772e-09,1.2164377731858538,0.28028896893215305,0.26960887732252325,0.8728131385165695,0.3915306219871014,0.3739697751262034,560.8616571843213,2.640699854280001,2.2117744813537,cand_tstart_57645.409861111111_tcand_3024.2700000_dm_552.43700_snr_8.02753,1,mcmc,True,B107
116,1487.7730140413569,3.733883338002215,3.80717061008022,83.02792967182381,3.672019993605062,3.557012769784805,0.1411041467006187,0.005722947446892557,0.0055532814866689215,57645.448802883264,1.8335413187742233e-09,1.7826096154749393e-09,0.6602082335463935,0.03446256325485286,0.033416314399212436,,,,561.0713669935624,0.2577523406794171,0.25951360847579963,cand_tstart_57645.409861111111_tcand_3314.5300000_dm_558.83100_snr_17.39650,1,mcmc,True,B108
117,1460.0966962909006,4.741148983490348,4.8496075735956765,87.19693653043007,5.0909632861267085,4.7273564217665855,0.2366829731602635,0.011925504191919928,0.01159911805267777,57645.44998703544,7.62520357966423e-09,7.741618901491165e-09,2.8073498709990674,0.191070626057444,0.17012196743945074,,,,568.0641490371382,1.0112893240784615,1.0056719412712027,cand_tstart_57645.409861111111_tcand_3416.8300000_dm_565.30000_snr_16.17530,1,mcmc,True,B109
118,1619.7135061040995,12.403100202873702,12.403100202873928,103.78916968689798,13.70669005101186,13.70669005101186,0.10277695306406533,0.012960961132074969,0.012960961132074969,57645.45120106563,7.850758265703917e-09,7.843482308089733e-09,1.7202960781879493,0.43270777535612215,0.4327077753561224,1.3241925708011792,0.5433720826735344,0.5433720826735345,561.1536578328435,1.9227350548287632,1.9227350548287632,cand_tstart_57645.409861111111_tcand_3521.7100000_dm_568.56200_snr_6.74068,1,curvefit,False,B110
119,1468.6585997346558,5.720228780827257,5.866068048507259,57.79040425395434,6.713270703482528,5.931766536996812,0.10915998614204868,0.009557109008567252,0.008955700358602367,57645.4519899301,1.2551026884466408e-08,1.3504177331924438e-08,1.5828078725727297,0.22021039503080095,0.2275625724735626,0.4516148343230082,0.19679890117968607,0.14518021862605746,563.310760291364,2.019741219840512,1.8764284459718965,cand_tstart_57645.409861111111_tcand_3589.8600000_dm_565.30000_snr_7.05175,1,mcmc,True,B111
120,1441.7508382427611,4.2821324807348455,4.57456712230055,67.52133107208967,4.4917114874681365,4.33132751831414,0.1424431284033403,0.008169467509463763,0.007853155187220878,57645.45342619831,4.22733137384057e-09,4.1254679672420025e-09,0.5916287809879325,0.08301529266128405,0.07364113486373869,0.3965391536869688,0.06763075801056423,0.06357173745133704,563.0895281224377,0.5543240005156349,0.5741314000400735,cand_tstart_57645.409861111111_tcand_3713.9400000_dm_571.84300_snr_11.61820,1,mcmc,True,B112
121,1699.3128402520294,3.77997713644686,3.6359879349145103,68.3702545708229,5.971942376900457,5.062319379973573,0.2861527419041268,0.011905165580430921,0.011530001961570335,57645.45363906651,3.65253072232008e-09,4.183675628155471e-09,2.483658778735717,0.1467722697353735,0.16089438227920685,0.63021165366229,0.2901234092181685,0.19681764503907376,569.0285542761951,1.6148287761277516,1.5990674127207285,cand_tstart_57645.409861111111_tcand_3732.3300000_dm_571.84300_snr_14.22090,1,mcmc,True,B113
122,1569.9337446209106,16.562125441415223,17.578711665933042,109.00384985833915,24.912993310263342,18.66710853023065,0.07298036983871707,0.010281694945112982,0.01005987557940584,57645.453640216365,3.0631781555712227e-09,2.954038791358471e-09,0.2543963322311848,0.16482038410996105,0.12644434945873914,1.4119666969855291,0.3303688766476212,0.2747671140948502,566.5331131257865,0.6728564692605232,0.7640658232432997,cand_tstart_57645.409861111111_tcand_3732.4400000_dm_565.30000_snr_6.74773,1,mcmc,True,B114
123,1725.024811868674,26.28074523976125,13.467046304039966,94.70992991629957,24.88394359495139,15.333298897027221,0.18604917243101826,0.025652569487583543,0.01818384108478085,57645.45425810226,6.330083124339581e-09,6.744812708348036e-09,2.2688868320584508,0.3416548627822356,0.3406637857721677,0.9055850027969988,0.5615634706113971,0.39497622027941537,569.2929284244394,2.536592306060584,2.5564389080311685,cand_tstart_57645.409861111111_tcand_3785.8100000_dm_575.14300_snr_9.31058,1,mcmc,True,B115
124,1475.0529162693067,44.501162331106116,44.50116233110635,261.54321833903947,62.15299124733718,62.15299124733718,0.07534900192223715,0.01579017711996969,0.01579017711996971,57645.45449294001,9.094947017729282e-10,9.022187441587448e-10,0.04987895880440375,0.06966983756907091,0.0696698375690709,1.3947184376080692,0.2725838731290517,0.2725838731290517,565.6741543468835,0.15287055072474232,0.15287055072474232,cand_tstart_57645.409861111111_tcand_3806.1000000_dm_565.30000_snr_8.02964,1,curvefit,False,B116
125,1576.7448804313926,24.45421421844958,23.42648306429396,131.07991890044016,34.46017367974949,21.362071400901414,0.10082808453739787,0.01626647474610632,0.013883903170003084,57645.45736146792,1.0775693226605654e-08,1.2689270079135896e-08,1.766543506067364,0.8953911010681291,0.7852575376463289,1.8441447795661976,0.8461379305797618,0.8106653861792685,562.6143122059266,2.8480204621403122,2.8094657439468165,cand_tstart_57645.409861111111_tcand_4053.9200000_dm_562.05600_snr_7.35585,1,mcmc,True,B117
126,1577.552396613523,25.015652559235377,23.04966092745531,131.33600411126474,33.983069060999156,21.48534776034424,0.10117633337837773,0.016159723412821292,0.01392816850943242,57645.45736146814,1.0775693226605654e-08,1.252919901162386e-08,1.7490810584405188,0.9040648202777221,0.7903621227449078,1.8466245019082368,0.8541859666495402,0.8161900541777569,562.5580009120642,2.875216993099229,2.7845543591781734,cand_tstart_57645.409861111111_tcand_4053.9181000_dm_564.38000_snr_6.00000,1,mcmc,True,B118
127,1667.38639083593,63.34382856710477,24.75808695015075,167.05547310001938,63.9471365678309,29.376004940520602,0.20513251775445346,0.03593050065379341,0.02168001118360105,57645.45853622048,5.20230969414115e-09,5.98811311647296e-09,1.227375714906324,0.3951016992507319,0.32376301988421874,2.575740013828196,0.4808123898512604,0.4530558641854658,568.8008090012993,1.7756601574265003,1.6235639382775844,cand_tstart_57645.409861111111_tcand_4155.4100000_dm_568.56200_snr_10.98060,1,mcmc,True,B119
128,1685.6210208340042,1041.3295259462686,25.421827898192078,127.48649605696157,380.9169529130597,29.005063234274274,0.09394648403996538,0.8679937620752548,0.012944904330084895,57645.45910335713,5.231413524597883e-09,6.089976523071528e-09,0.7769746496355625,0.2793762424931596,0.4525519360352745,1.1651372503949835,0.4784903281906248,0.4336328098616213,566.3799334158857,1.8214650870373816,1.802053668067288,cand_tstart_57645.409861111111_tcand_4204.4000000_dm_568.56200_snr_7.28859,1,mcmc,True,B120
129,1612.1248570518717,1.9820651355130396,1.948663485316274,89.55810208714114,1.7762384759075616,1.7945954273874776,0.3943439651050224,0.007413723629573766,0.007264636823508197,57645.46005327014,9.968061931431291e-10,9.968061931431291e-10,0.8176101534270908,0.03670012958305047,0.03776731599711003,0.2462874941129267,0.0587056697811538,0.06520083744419994,562.0829910758064,0.16788793756700215,0.15490202642229178,cand_tstart_57645.409861111111_tcand_4286.4700000_dm_562.05600_snr_168.68900,2,mcmc,True,B121.1
130,1321.2295386898975,2.3502868588884667,2.59163100696378,178.08992221808597,2.3935566790345035,2.1921531139475405,1.7272775542083854,0.016501156487062074,0.01576622681063511,57645.46005332828,3.5652192309498787e-10,3.7107383832335467e-10,0.9502900563752246,0.018734798616001917,0.01945943867604349,0.3597452857489469,0.015173802148794768,0.014633440835039146,561.9792429596216,0.02641727697869101,0.0254178333298114,cand_tstart_57645.409861111111_tcand_4286.4700000_dm_562.05600_snr_168.68900,1,mcmc,True,B121.2
131,1180.703155833863,8.763004410936901,10.928364699432905,92.74964412382539,8.91415751368912,7.8401905708121395,0.3476904222226124,0.02573349920539425,0.022437434291036614,57645.4600534093,4.1618477553129204e-09,4.198227543383837e-09,1.2210488372724904,0.0894777087696439,0.07062639849729413,,,,561.5913140208249,0.2490462681676036,0.2528331207201973,cand_tstart_57645.409861111111_tcand_4286.4700000_dm_562.05600_snr_168.68900,3,mcmc,True,B121.3
132,1404.7671620471301,4.24673734187877,4.179312780765258,70.79057138408115,5.255381618558758,5.022941781636348,0.2196964533161656,0.011577808989515936,0.010933202068637904,57645.46210665456,9.313225746154784e-09,9.47329681366682e-09,2.271638715394931,0.2147266520662785,0.2379544553791111,0.5386419000701247,0.17521683637903496,0.13451648329813015,564.7083252622183,1.0277069148235114,1.050836552071246,cand_tstart_57645.409861111111_tcand_4463.8600000_dm_565.30000_snr_15.00270,1,mcmc,True,B122
133,1693.821972208035,15.581982182954334,15.581982182954334,87.56505478160776,17.9571667958067,17.9571667958067,0.08761758527524159,0.016307569725743903,0.016307569725743903,57645.46255611826,6.097252480685711e-09,6.104528438299894e-09,1.1418184964529003,0.3995876355028623,0.3995876355028626,2.0205996157774657,0.6333718390232632,0.6333718390232632,567.1380996892417,2.8667248525383684,2.8667248525383684,cand_tstart_57645.409861111111_tcand_4502.7000000_dm_568.56200_snr_7.30701,1,curvefit,False,B123
134,1564.1615264646834,14.905500143894415,15.208089071284347,145.43786237322442,22.78473998909746,19.037721817267908,0.0938618038855355,0.008249879944695296,0.00772579561256448,57645.46405273761,2.924934960901737e-09,2.830347511917353e-09,0.9620762571440584,0.18903392672689198,0.1963828701189262,0.4512519195186424,0.2049581208008145,0.1850937167024984,565.3133507728062,0.5314845448328924,0.5523108826353109,cand_tstart_57645.409861111111_tcand_4631.9900000_dm_565.30000_snr_10.77370,1,mcmc,True,B124
135,1595.7490373558035,14.46407300937608,14.390017222164714,144.1044363980622,20.923473554670693,17.43061241425727,0.1213583691916479,0.009527550465887866,0.008973770530595851,57645.464188555314,3.7034624256193638e-09,3.7107383832335472e-09,1.2444059260360216,0.204544391265058,0.1971149449481855,0.676185007922416,0.2259453368082852,0.22695948209754854,564.4249091237158,0.7548122189426749,0.7685186490064098,cand_tstart_57645.409861111111_tcand_4643.7200000_dm_565.30000_snr_12.12110,1,mcmc,True,B125
136,1595.063990485775,1187.6627925918713,57.48559962145896,225.98757586376843,2384.1863855808388,92.76091535504898,0.07480538066858526,0.12779709882042606,0.0193379196713713,57645.46450385541,4.802132025361061e-09,6.883055903017521e-09,0.8989635868776598,0.3659809478885294,0.513165430169499,0.8520860073499359,0.5597309007618334,0.42630335946566456,567.1236221710076,1.6943436110494758,1.9336397291435787,cand_tstart_57645.409861111111_tcand_4670.9600000_dm_581.80000_snr_6.24578,1,mcmc,True,B126
137,1966.525127518903,1061.6488813575588,961.8014389036892,1970.7378098333386,1485.7770715298363,1706.8458420936715,0.18778041971243675,0.06407300975128333,0.10724559600006296,57645.465133242855,6.883055903017521e-09,6.592017598450184e-09,0.7593305411507743,0.359830779788894,0.3950502592789769,1.2447851622078059,0.584389531290304,0.5288106216352564,566.0095290195011,1.9358646426958332,0.7164908841747322,cand_tstart_57645.409861111111_tcand_4725.3400000_dm_565.30000_snr_6.53917,1,mcmc,True,B127
138,1480.4114160557626,1132.439125624259,1328.7129452659785,2685.9806034627954,940.372314990977,1535.4832382813622,0.24944462680459534,0.05293083406968577,0.08930519805345033,57645.466100959224,5.602487362921238e-09,5.5078999139368526e-09,1.1209098249182776,0.22503616428740905,0.2290677311252376,0.8534991803888551,0.2999412538801085,0.27054618032301525,567.0025496544085,0.7252528843380333,0.9279283833971022,cand_tstart_57645.409861111111_tcand_4808.9400000_dm_568.56200_snr_9.71339,1,mcmc,False,B128
139,1707.8018315364482,1378.613051603892,15.324142960663721,89.11870939484669,445.4405014077108,26.61095218688313,0.10572538047099812,4.5647962152317385,0.015449830067180925,57645.46637999725,4.751200322061777e-09,4.474713932722807e-09,1.019785817163856,0.3128417365553371,0.27767297006201763,1.281008442917493,0.4181709193629837,0.4438509608654296,573.2070059424998,1.9982300390578305,3.367167037984132,cand_tstart_57645.409861111111_tcand_4833.0500000_dm_562.05600_snr_8.54537,1,mcmc,True,B129
140,1901.54814665917,1082.0145432866639,1418.1628188915802,2541.995267382695,1043.9797424834965,1358.10420331929,0.1841371735833664,0.048688525797848235,0.05279679070712623,57645.46833946586,9.880750440061092e-09,1.0433723218739031e-08,1.3833622406624648,0.3962386606781652,0.3757498190551196,0.5870898942997009,0.3612147163184958,0.248660154546704,565.5217488563649,1.0245288249215037,0.8451510163292824,cand_tstart_57645.409861111111_tcand_5002.3300000_dm_565.30000_snr_7.41361,1,mcmc,False,B130
141,1461.076106062311,12.625006790415682,12.955601400861044,85.24514447948573,11.894900985114417,10.166661131610766,0.08462472385949632,0.0115274932468742,0.01075482515228002,57645.472362116205,1.1037627700716255e-08,9.844370651990177e-09,1.1102425295613685,0.361003183252677,0.328885293141178,0.7498256873003664,0.34168117201842474,0.2961947012876215,563.5987819733067,1.4375878927312442,1.6757876058453576,cand_tstart_57645.409861111111_tcand_5349.8500000_dm_558.83100_snr_6.12860,1,mcmc,True,B131
142,1715.3206159579559,78.13194300966211,15.766918468620815,95.3791980852452,69.51398506663298,20.686252153371033,0.08962449059697145,0.0329417075406824,0.010734004409806971,57645.47413853971,2.663000486791134e-09,2.6047928258776665e-09,0.6902574688421287,0.1376522870403497,0.1483729477992788,0.39566013621501184,0.1933686218123548,0.17594951187615154,561.2270888583706,1.1425492372507051,1.2435362865822979,cand_tstart_57645.409861111111_tcand_5503.3200000_dm_568.56200_snr_8.52813,1,mcmc,True,B132
143,1739.638220940958,184.62616624958423,49.820978608191346,229.2964996104588,107.79320742743477,42.55596884754024,0.22068720916372406,0.10479776779090456,0.02741347966446966,57645.474448228844,3.637978807091713e-09,3.6307028494775295e-09,1.7031637600964655,0.20055679232224805,0.20411070057665226,0.6921127861273538,0.2672070567343904,0.25162033963134073,570.6104079325955,0.7343792072441602,0.7044132634490552,cand_tstart_57645.409861111111_tcand_5530.0700000_dm_571.84300_snr_14.85760,1,mcmc,True,B133
